model,MAE,RMSE,MASE,Bias
sarima_target_only,19.198481500903764,27.049209316506726,0.3593621149989759,2.8090237680680588
sarimax_exog,20.56913340534916,28.032789444697134,0.3850183299077271,9.282230342749301
seasonal_naive_weekly,30.0,48.80753964221026,0.5615477166494532,-6.527777777777774
foundation_model,35.003578652777776,50.111500132820716,0.6552059889008969,-33.478809069444445
feature_model,36.15870157877604,46.48176543836853,0.6768278769523556,32.10443581475152
mean,39.37819717144362,50.00630209288557,0.7370912235798708,-8.23281050176786
seasonal_naive_daily,80.27777777777777,118.04346343300529,1.5026600936267775,58.88888888888888
naive,242.63888888888889,247.60145694539335,4.541777134197198,242.63888888888889
drift,243.88056402152236,248.7581250124183,4.565019128715556,243.88056402152236
